index,word,tfidf
15809,分享,1.06875559542
5228,方式,1.37439147148
8815,时间,1.39884256735
5128,工作,1.40380535669
21799,过程,1.47066830192
4225,开发,1.48675443967
12707,项目,1.49217450714
10527,技术,1.49762411191
20900,简单,1.49762411191
18756,团队,1.59512247639
8962,情况,1.60724383692
17512,代码,1.63820606253
7660,设计,1.64451523172
8786,系统,1.67015766234
3417,解决,1.67667234336
16297,功能,1.6832297439