,word,tfidf
15809,分享,1.06875559542
5228,方式,1.37439147148
8815,时间,1.39884256735
5128,工作,1.40380535669
21799,过程,1.47066830192
4225,开发,1.48675443967
12707,项目,1.49217450714
10527,技术,1.49762411191
20900,简单,1.49762411191
18756,团队,1.59512247639
8962,情况,1.60724383692
17512,代码,1.63820606253
7660,设计,1.64451523172
8786,系统,1.67015766234
3417,解决,1.67667234336
16297,功能,1.6832297439
4954,需求,1.69647497065
7078,用户,1.71667767797
18567,理解,1.72350364304
17599,影响,1.73037652233
20526,能力,1.74426563449
8308,工具,1.75835037437
11680,软件,1.77985657959
16040,选择,1.78712933892
12474,测试,1.80183548631
8504,内容,1.8092704648
13909,业务,1.8092704648
4373,方法,1.81676113653
3591,实践,1.81676113653
11336,环境,1.83957581429
6018,产品,1.84729786039
20336,信息,1.85508000083
19868,包括,1.85508000083
15402,数据,1.86292317829
17293,组织,1.87879652745
1910,服务,1.87879652745
2166,导致,1.89492590938
8773,管理,1.89492590938
21020,客户,1.90308922002
4511,快速,1.90308922002
22666,相关,1.91131971915
17290,价值,1.91131971915
4139,持续,1.91131971915
10410,公司,1.91961852197
14863,目标,1.95352007364
9717,关注,1.95352007364
1171,希望,1.97091181635
4554,发生,1.97091181635
544,最终,1.97091181635
11508,保证,1.98861139345
